book_id,max_price
0786967021,13
0786965606,11
1544512287,7
0323358411,24
1449499554,16
078696698X,12
1433832178,15
1628251840,23
1506711987,13
1465475850,14
078521237X,12
1260462048,19
1433832739,12
1492032646,15
039308065X,11
0912912065,15
1260454037,16
0805499423,11
1628600837,13
0316347000,21
1119689651,21
0316480843,15
1628603461,14
1449373321,12
059309932X,10
0785215158,14
1945179414,23
1534313400,13
1628603976,16
0982522738,8
1506715214,13
022628705X,15
1433648199,12
1260026396,17
0132350882,15
1603093958,13
0770434290,17
0966170229,12
1433606860,12
0323393225,27
0310449375,10
1101980990,7
0615272819,10
1419733338,35
0135957052,15
0062845063,12
1535970995,12
1609182278,24
1539229750,32
4789014401,15
0470421355,20
0415922224,11
126044029X,16
1119523265,23
1462516998,21
1491957662,14
1578645018,23
1628253827,25
1640781684,14
1640782575,15
0982522754,8
1607060760,5
1462532764,22
1101965487,21
1449355730,14
0262033844,22
169903530X,16
1587147149,18
0735200661,15
1506715230,18
0966170210,8
0847862267,14
1419705563,41
0735201447,15
1579651267,8
1565639774,19
0323428185,15
0136447996,19
1302915703,12
1632154560,8
1607065967,6
1733875905,38
1491952024,20
0307478599,9
1260019322,15
0358003911,19
0071592539,15
1936034891,9
0998785067,27
0692898379,34
1631401394,20
1461471370,19
1524763500,16
0465002056,8
0961392142,6
1506715532,13
1496326326,13
0201633612,11
0804137196,17
153431346X,13
1619708671,15
0262035618,15
1568824300,17
0872203492,16
1617294438,7
0890425566,19
0008260184,22
1640781986,12
1495007855,19
0195019199,14
1537713949,13
0131103628,14
1414339275,10
1507206682,11
1419726528,11
089042554X,63
1579653774,8
0134610997,66
149250162X,28
0990873854,19
000794716X,27
0310449383,12
4789017303,21
110845514X,18
1401241883,31
074324303X,8
111958308X,17
1506716997,29
0314184716,9
1107686466,35
1616898062,34
1119610885,16
0596009208,8
1640781706,10
1419722425,29
0273710516,12
0786860707,15
1534312218,13
0062747835,22
1260121593,20
0310450802,16
1451195265,23
4789014436,12
1506708013,11
0883780305,8
0190065818,25
0544819829,15
0736438785,13
013641267X,20
0786955570,18
1544508050,14
0323552293,14
0998416800,13
0323478816,19
1886602395,16
1586177222,16
1433832151,15
0892075430,16
1579654355,11
0387848576,27
0375420525,14
0714867527,14
0062693018,13
0982522770,9
0847866033,17
0521809266,34
1632150786,9
0307478432,11
0847860213,16
1419708635,22
1419735179,15
0847864790,19
0679457496,6
0314844899,12
0134757599,18
1601259565,12
149207294X,17
039370646X,16
1506219705,54
0190491485,12
0827606974,9
1909526509,17
193382347X,16
0785220623,14
1883217040,13
0596007124,11
0831137312,36
0470928654,21
0785223037,12
1119475937,15
0847839451,25
1496398246,15
1118745086,14
1593271441,8
1119282713,12
0618443363,6
1260142655,17
039330034X,9
1433613824,10
032157351X,28
0465092845,17
0982978650,21
1640782230,16
1609185048,18
022649991X,17
032353113X,44
0702078131,26
1616552263,14
0847860000,10
1118980824,13
1491912057,20
0471227285,17
032342970X,22
1683834372,21
1491919531,13
0674000781,10
1107620694,12
136805224X,8
0470620749,11
0310451078,12
0380810336,3
0323597122,43
1118443926,22
0071818774,30
111900361X,12
0911910611,23
0911910425,27
0921145527,22
1107676517,17
0310448336,13
0847848906,16
1506718043,16
1578644283,15
0990324745,12
1616550740,15
1108420419,27
1912200929,20
1496419863,17
0804172315,11
0892817496,18
0321714113,17
1419724460,13
1780672330,32
0738743992,19
1491946008,17
0262529629,12
0847846598,22
1462515355,18
1433550407,12
1890035017,4
0262510871,18
0323414427,25
1492045527,20
1462528406,15
379135857X,15
0980232775,36
0847831728,20
1401243142,37
0323393047,28
0847834344,12
0600634175,18
0878936130,34
2080203754,20
1580089283,12
0967377366,11
007141228X,14
1539598144,11
0071462848,19
0062896261,10
0847843440,17
1600250300,17
1401287735,34
0321125215,21
1419727532,17
0760347255,15
0470392673,13
0961392118,3
0525520546,8
0738739626,11
1118114019,24
1496426622,15
0262039249,21
8959951986,12
1118132718,13
086565381X,19
036713991X,31
168383450X,10
1506701957,15
1401282997,21
1492052205,14
195078343X,14
1572245131,4
1506707408,17
1532814658,17
3775725938,18
1935099655,14
0471668265,32
0310450268,12
1492597678,26
0991466675,11
0898621836,15
1138954373,18
111903566X,14
0847865797,20
1579653510,14
1462532063,16
0847867919,15
1449369413,17
1433555387,14
1482315823,19
1839217715,18
0939616572,9
1108422098,24
0810996537,16
1616898992,24
1496402006,12
1608825299,17
1108499945,17
3869931078,17
1593272200,21
1491960205,15
3836508761,17
0865653518,16
0847866661,18
0113316070,21
1634622340,20
0134853989,15
3836545306,25
1118539273,10
1927584027,18
0195024028,17
1119684056,14
1932735984,26
0744019028,4
0847845990,19
0810994070,29
1449340377,13
4874244475,16
1524732052,19
1138632058,24
0760344019,14
0310452767,18
0312650604,12
1401288839,20
0393264548,23
1506336167,22
1119212049,14
0134277554,23
1568363958,16
1579550355,18
1598635034,9
0966784308,19
1119706181,39
0387310738,31
1138556378,19
1558291180,34
0136602207,19
0321992784,20
0393603121,28
0132157578,14
0781445418,24
1517671272,13
1590282752,14
1107189632,28
0857443356,16
1492040347,11
3836576120,17
0307972232,16
1612629717,15
1684155142,13
1936781565,17
0692658076,30
0760346623,14
1492043451,19
1609131479,31
0989690601,22
1999579577,15
1492024333,22
1119578884,14
1579656471,22
1506713556,17
8185787085,12
1617293725,17
1259641155,19
1492057614,15
0848731913,3
1942884567,19
1435162552,10
0136623794,21
031053349X,12
1593275641,11
0500971072,15
1401210821,25
1492046531,16
141970060X,22
0323549438,23
1779504918,12
0826172555,20
1506720013,15
1579652395,8
0714879428,24
0321563840,21
1558291768,18
1789091993,18
0399580654,12
0141198419,32
1119391962,21
0300208421,17
0793529395,9
1423107667,16
111950421X,8
142455991X,12
1478758880,20
1948927306,11
1587318083,14
1733622004,20
0393095398,18
0136502679,21
1946231800,12
1534312323,10
1933820187,13
1789093104,18
1419728067,18
0307266222,15
190952669X,24
0393707008,16
1982110201,29
0061125865,15
1789092116,13
1138940925,20
1118530802,15
0618263268,7
0702052167,43
0847867528,20
1484747011,19
1789090555,12
1305627857,29
1419734318,14
1598562126,20
1455770051,26
0307478653,14
0190926937,19
1534306862,15
019517805X,21
1108488390,25
0335249493,20
069265321X,15
1975144309,17
1616559802,14
1614289522,38
1452101620,12
0470424419,18
1464144184,28
1579658490,23
1260026507,28
1633450325,24
070204654X,23
1905662610,14
1588396681,13
0674076087,20
0310446856,13
1506700136,13
1401294766,33
0062939238,18
1479274836,8
0847863255,16
1607067722,22
1506715931,13
1118772059,25
1779502710,27
069101650X,18
938081321X,29
1492046906,17
1478922931,22
1401242383,19
0847838021,34
1302925296,22
1905662327,16
0415719402,15
1506718051,25
1401298842,33
1684155398,17
3791386085,21
157062903X,5
0316448672,14
1462542751,20
183866050X,20
0913573442,16
0135261783,10
1797200933,11
0060177209,7
1491912219,18
0136411878,20
1260136086,17
1626259313,17
1400069718,6
1587145235,20
1658089901,14
3836555816,18
1572815469,9
1602819599,8
0785218548,13
052138673X,17
180056810X,17
179720615X,10
0847836797,33
1524851663,13
0974589233,4
1934547514,14
0718002431,8
1534314997,20
149204511X,15
1684155533,24
1435154460,10
0847849376,19
197513687X,22
0941936465,8
1673734278,23
1732388539,16
1118291050,47
0691177791,22
0847868893,17
1606794973,18
1119583551,17
1631494465,28
1673777880,22
0062507621,6
1684155460,16
0135404673,31
0847861112,16
1260440230,16
1492051136,21
0443062412,23
1935401009,10
0847868303,20
1433558327,15
0999470906,15
177046171X,18
0966088239,4
1593272901,14
0262018020,29
1472947819,28
0415886813,20
1496413733,8
140129815X,30
1614285373,34
3836538725,15
0986019526,6
1260459004,23
1593278888,18
0735201811,25
0856677043,25
031045025X,12
1735188301,15
1423127447,14
0847827364,22
0393706133,17
032344525X,28
0921145411,22
0847836517,29
1455595322,8
1118115120,24
0323353177,30
2841239888,13
1909526711,22
1119508193,11
0847863247,18
1580085199,10
0323512321,16
0135301017,14
0990798542,16
1603583289,16
0976136716,23
0865653658,16
9283245024,57
1284151565,34
185149829X,24
0465021476,16
0847838501,17
0793518326,17
0393352242,5
2080301454,21
0321127420,20
0801026938,19
0965045021,6
1682450740,16
3836512440,18
168383805X,19
0826179339,17
111917046X,19
0692196382,29
0131177052,16
0323479782,29
1482243237,11
1492056707,13
1492083127,17
1107002176,27
0323392768,21
1614284695,14
0691016518,18
1916355404,26
149205769X,14
1260455262,18
1532384076,4
0765703319,16
3836570378,20
0764359509,13
1401290493,34
1632361817,14
1616555505,13
0135166306,16
1491962291,10
057856565X,17
0136554822,21
0060899182,4
3836584425,23
0764359037,13
1462537049,19
0615647995,10
0847868389,14
1119442605,31
0877289190,31
1603094695,17
0973501839,26
0961392177,5
1506716458,28
0892819413,8
0310218950,10
1260565556,23
1614289336,37
1492041947,16
1632157284,12
0785229566,15
1471160661,20
1260565661,24
1401294987,34
0393679020,25
0596158106,14
1595823522,16
082296659X,17
0813349109,26
3961711232,30
3836572826,14
0807220299,4
022645956X,12
1419736159,11
1119508592,23
0195052064,18
0615412564,20
1788840445,25
039360313X,27
0321601912,13
1506720994,16
0415476186,12
0321349601,10
1119602440,13
1492054054,17
0847864308,18
3775746544,21
0529100010,22
1492037656,9
0714867144,16
0393705951,15
1614286906,38
3836573067,27
1496323297,21
0982978669,7
0199746532,10
1506715842,14
1631403745,15
113750403X,17
1632362953,13
0714876429,17
3791359002,23
0984999302,7
0892132949,10
1107679680,51
0140196013,3
1338037552,7
1302926349,39
1406392650,23
0810946033,34
1857096568,17
0962819034,22
0135172381,17
0738755273,18
140125134X,36
1119423341,29
1534303464,12
0770434142,10
1492051721,14
1118753658,42
0521657296,9
0393602958,29
1439840954,28
1368018734,13
1506710735,12
1118066510,18
1492055026,15
1119085292,20
1772941352,22
0071825177,26
1491971940,17
0521679710,25
1633451054,14
1788295862,15
141973816X,15
1419718622,18
1491962194,13
1568364075,15
141974495X,19
3791355341,11
1401245625,41
162860283X,14
086171072X,16
0810995212,17
149635916X,13
1484254392,14
1606236318,19
1608871444,19
161655164X,14
1506714854,31
140121083X,27
0471152803,29
1118467450,10
0764357433,14
1401255264,32
1609186494,26
3961712085,33
0912986468,18
1446200469,25
1838827366,17
0889374929,20
3961711321,16
1524732303,12
1595826580,14
0470192410,14
0823216632,16
0521425433,20
0811826848,4
0190643560,15
1419732463,14
1119603374,15
0473445395,20
1138907626,19
0521177235,19
1419732714,19
0471359254,12
1401903010,18
1617812404,15
1614289190,38
0691118809,21
1492039683,15
1119715520,26
1732689806,16
1619708698,23
1534313583,17
1285866932,27
0810959356,29
1492041653,13
1975316304,19
0062305530,21
0310452872,26
0470650265,15
1088742785,14
0135244765,20
1554201462,16
1614285918,38
0135971977,21
0723258902,8
0765808684,20
9283245040,71
1506703631,14
1138958263,18
1119491487,17
0323478492,31
0865653690,18
0865653895,21
1684153433,19
1138838349,15
013529889X,11
0985174315,19
1118531736,18
0992060419,34
0749464917,12
1401284264,37
1401285465,21
1567181368,13
0785230483,15
1401258204,26
1734185201,22
3030410676,42
0310452686,12
1138035459,28
0764358014,18
1495009130,13
1909581054,19
1491999152,14
1302922882,25
0892542144,15
0316201049,21
3899559789,15
0881929328,14
1302915126,32
1789615852,16
1927925932,13
052189560X,23
0578688174,29
0847866696,17
1492031089,14
0976136724,20
1775062147,18
3836562715,18
020161622X,15
1576875776,10
1934547972,13
0847833119,16
0865653704,19
1491927283,15
0470529407,17
1108711820,19
0128119055,34
041562696X,21
177950344X,43
159420604X,15
1633451003,18
0714876909,20
0415681464,17
0316098515,16
0847866629,17
1419724045,13
1462534651,22
1772941263,15
0865653399,20
1401210856,37
109198378X,14
1138088617,22
1506718124,27
039370095X,18
1119576156,28
0500515182,26
1401284620,27
1260026175,26
1605300985,18
0679439072,4
1401280471,29
0764353004,15
3836555980,18
111871816X,17
1440308187,10
1337558869,37
1506716989,29
0307972186,12
1570769389,12
0785198849,12
0847864081,22
1684150124,30
1138919578,19
1412939798,11
1423151054,18
1838660313,15
3319666304,16
3836525232,17
0985811757,21
1108447465,16
0393711528,22
1593853726,15
0323444482,20
081334980X,19
1779502826,39
098153161X,15
0760350132,12
193382011X,16
1506717004,16
130527010X,21
1534302204,12
0198769865,30
0764359339,17
1108422160,35
050002345X,26
0316250864,20
1118936817,16
076435633X,21
1118752198,30
8836645607,24
1491911689,15
1617294632,18
0702051314,14
0810996081,27
0321958322,24
1779504543,21
1626259283,21
1119158664,27
1839214678,20
1909414646,20
0393979504,26
0262027283,24
1883725119,18
0847862399,13
1499260598,20
0321966465,13
0764359193,13
1999449037,10
1432114875,13
0691129088,17
1446249182,7
031622104X,6
1950789004,19
0525633766,16
1492040681,15
0312310889,3
1401210848,40
1401295576,26
1440248966,21
0738711640,18
159465106X,22
1440350728,12
1492053112,16
0190640871,28
089254130X,16
379135874X,14
0321200683,15
1588396185,17
1455709778,34
1521372403,17
1419722441,10
1462544193,22
3961713235,38
9082748509,12
1401900631,5
0785220666,18
1118881575,45
0847838579,17
1119327970,26
1302922688,32
0702043141,21
0393925161,13
0791413640,12
0470648856,16
1401953093,12
1119556031,17
1633451046,17
193997979X,29
1927925940,9
1118999401,24
0321637739,21
1838981950,19
1593078226,8
1119618436,14
1607748223,22
1118142063,18
1119286549,17
1484799410,20
1449320686,10
1682473031,14
1772941360,18
0914959026,22
159711474X,15
0136449336,20
0978649362,10
1492044075,18
190722291X,13
158008284X,17
1260091996,23
0760350175,15
0062795570,21
1433544075,18
0131479415,8
1491983876,16
0999174509,20
0972509461,11
1585108634,13
1491954469,15
1779506627,30
113823866X,16
2080305352,18
0198611129,21
0262039427,21
0199270295,26
0395670292,3
1302926381,49
1608877221,16
1506710646,11
1401278485,35
161428945X,34
093402667X,15
1492041416,14
033526154X,13
1534315829,13
1492572292,45
1506711855,19
3836556146,33
1501163930,5
0316492825,20
1789340748,16
0714859028,19
1118809998,18
0600635619,15
1119164737,15
1780679769,31
1118881990,33
0300244126,18
0393254879,20
0521833787,36
0198805098,20
0815384572,18
089555884X,15
0471267619,18
0998503304,17
0323391656,29
1734227915,17
0738761168,13
161428783X,38
9876376217,22
0321336313,23
0691177856,13
0124058884,28
1760760382,18
3319975072,22
0470398841,15
3836567679,21
159327047X,20
0500519439,26
1107149894,22
1506706827,15
1401268099,38
143807879X,15
1138365297,20
1260565963,24
0465016731,20
1409570207,28
1540051560,15
0847841510,21
4789007758,15
1603587071,21
1857096487,21
1794510109,24
1789346460,16
1635618851,15
0847867714,19
1119604141,42
1119570123,18
1885254865,26
0744016312,8
1118130731,23
1534314555,17
0915299143,10
0847865657,24
1492056030,15
0847860116,17
1718501021,18
0692586539,24
1614288534,37
1401291090,28
0714877158,20
0199347093,37
1851779922,14
1492051969,14
141801169X,38
1260460088,15
1302922696,33
1137610662,22
1118271882,17
0300250487,15
1292221224,31
1617296279,19
8131503941,12
1911015494,9
1491901632,5
1138369918,27
1617294136,17
0321842685,20
1138055360,24
1302925105,36
0714873454,19
0521642981,24
0470443952,18
0071373683,11
1419708627,13
1492056472,14
3527406018,19
0980232791,29
0393934519,21
0310452848,20
2072857198,18
0865653585,26
1302922424,42
0812969642,32
0198739850,11
0992823986,18
1938221257,16
0387402721,30
1423117166,18
0262038765,16
0815344643,45
1534308571,13
0789756102,13
1572247053,11
1401285511,42
0760367973,17
1597111740,14
1492050040,19
0993578918,17
159327288X,7
1492040762,18
1452275726,23
1784726494,19
1568824173,14
1119259754,11
1684185963,14
0980181208,8
0393712648,16
1302926411,46
1118460146,18
9284205107,24
1786271869,19
1284157350,36
0847869164,23
142313866X,15
0882845284,12
1909526339,20
0691175462,13
1614288623,38
1530826608,16
1401264417,44
1138365491,23
1935302035,19
157281912X,12
0600620425,32
0415922216,51
109091282X,18
113864689X,19
0323609783,41
0785220488,20
0134988469,45
0691171696,14
1108781624,18
161428847X,38
1401273866,28
4805312408,12
193454762X,19
1910164895,22
3899559835,15
0785195386,23
0847858324,22
0847868702,18
0393707598,22
0500023190,14
1484259971,20
0190905387,23
1423165691,13
0321834577,21
1789804531,24
0863889786,21
0470284889,13
0679745823,5
0262240459,18
1302913271,29
0749479779,21
141972892X,14
0571514561,28
1926946154,25
158901104X,6
0521199565,17
3836568489,21
0847869008,22
142622141X,22
1492044466,16
047111460X,17
0596008678,7
0393707865,13
1540046869,15
1974710572,23
1608077446,32
1492054623,16
113318779X,28
1784968307,18
0500513759,27
1789241154,22
047089198X,18
1481305247,14
383657232X,20
1492570591,30
1451194501,13
1302921665,28
1401277322,18
0691159025,34
1119547253,17
0465024939,13
012088478X,23
0847842134,38
1444195220,18
3791383663,16
1400068711,7
1786274167,28
1484244508,14
0802086578,17
1401295320,27
0500021546,25
3662572648,22
1491948965,16
0714872121,10
0802875327,16
0321929667,19
1137571640,19
0393704017,19
1838661255,22
0760363900,11
0198534469,24
0071841857,4
3943330443,16
1684055318,14
1684152674,30
1107154839,19
1292220171,14
0691170037,23
1842172603,20
1138318655,20
0198749694,21
1401259103,35
3961711852,25
0393707822,13
1492057894,19
8895315308,24
1779505574,17
3319185381,22
0521880688,29
0415510252,20
0500021643,24
1401270425,29
0787986399,16
0323442641,58
1999722906,27
1138627003,30
1455743771,31
1789532051,16
1138070157,14
0702069574,19
1534303391,17
383657151X,18
1302922661,37
0847862720,22
1779500297,37
1911015559,19
0123743281,21
1779503776,25
0500021538,17
3868282580,19
1119328039,38
0123944430,11
1777005469,20
1800208987,20
0739071572,14
0738754978,19
1797203002,22
1614289255,37
0443067295,21
0136886620,23
0195115422,16
1302917897,45
0323392288,13
3836567725,17
1138094870,19
1534302433,12
1720694621,24
1534300597,17
1419722743,12
0415800749,14
1118981332,34
130292267X,36
0190920556,19
1616555920,15
1119584701,10
3836545950,18
1608823458,15
3961711968,21
0847863832,21
1492077542,14
1838661530,22
1118362411,13
1440240590,11
1838661107,20
0123848695,20
1931046433,18
1302915169,29
1788840321,15
177046378X,19
0199557608,25
1593857098,18
1477310339,17
1449393195,21
0892541520,12
1949694240,20
0985218428,19
0930298047,17
130290812X,42
3791359312,17
0934320101,12
1401907725,8
3836572419,22
3836570459,20
0785198342,23
1462538967,17
0061885428,12
0135495075,15
3791384708,20
0134506790,18
1462528228,21
0847862747,14
1634606531,77
1292134143,23
1526419521,23
1732379718,17
1683962907,13
0939616629,30
0128025107,20
1856697525,23
1779504993,57
1492043869,19
0714864706,16
0691165289,13
1474216315,30
1408898659,33
1561706396,18
3667118570,23
113892136X,23
1401295703,35
0081026153,22
1770463577,15
1910505498,36
1119605350,32
1492059897,18
1119064392,15
1119507723,16
0615314465,13
1614289468,38
0198392117,16
0393705315,17
9123670711,24
1534303448,17
0199545685,17
1108712428,20
1897597568,17
8891822183,24
1999579518,20
1462536646,18
1462543286,18
0128042915,14
1506720455,31
0984521402,13
1107036291,14
0847866912,29
0443069921,32
1435158113,13
0520290755,11
0810993805,22
1588396207,15
1681985748,15
1839214112,19
1491986360,14
1473676363,15
3836571463,16
3667120168,43
1533484155,17
3899555848,27
1107057132,21
0201896834,19
0979757622,21
1614288658,37
0692061355,16
1401284329,37
1447980255,12
023115755X,36
1433646099,13
1848193971,20
1284069273,33
1138338834,22
1462507905,18
0714873802,17
2379450463,15
1838660623,19
1779505647,46
0702057355,16
0714866911,23
1260085228,32
0714875139,36
1119138558,23
1419722220,17
9198021508,8
1556348061,13
030024679X,14
0714879940,28
1893441172,16
0702066567,17
0393932923,12
1423134206,18
3836508893,19
0847863883,19
0520275713,16
1408704781,60
1433544318,27
1772940844,14
0714865133,14
1568824041,14
1302921673,23
475624923X,20
1292304154,27
0500292108,7
1302912070,29
1498775500,20
383657117X,26
0062840622,19
0702047473,20
1107076269,18
1260122409,26
1561709069,19
0198768125,33
9198105604,20
1534317066,19
0815394314,24
1119601797,17
1905662408,16
1632155729,9
1260566099,23
047075012X,29
1492592005,33
0972822321,29
0985218452,20
3836540290,16
1977642055,14
1414302584,4
0762788186,5
1587145251,24
1782213589,20
3030199479,25
0007363974,16
1838108238,21
0198426984,28
143354413X,17
0194420981,5
1138200565,14
1138086762,15
0714879800,26
1401204260,27
1302922653,20
0571540007,18
1606600834,4
1789347033,4
0714878332,4
1119990726,4
0847837904,4
074947307X,4
1603585710,4
1119272092,4
1107034736,4
1684056926,4
383656307X,4
1444194984,4
1492056111,4
0961470143,4
0762471247,4
0500519943,4
0714865745,4
1259863557,4
1118359984,4
1491958707,4
0134802012,4
8898565240,4
0871407671,4
0201704315,4
144196052X,4
1302908871,4
0271082127,4
1401280420,4
1302923137,4
0521663636,4
070205514X,4
1492556491,4
1138018236,4
1912866137,4
160535841X,4
0648104257,4
0240806883,4
1909141615,4
0847863158,4
3791359193,4
8409127121,4
0521600766,4
2213706123,4
1412997461,4
1617755931,4
0520250508,4
1138591939,4
1981369198,4
1684156025,4
2081316439,4
1492544809,4
111874523X,4
1564848388,4
0749483075,4
9089896546,4
1260565491,4
0123869196,4
1975148266,4
0787996629,4
237074104X,4
0198614209,4
178995004X,4
0847843211,4
0520272269,4
0989295761,4
0674976819,4
0898629195,4
0321534468,4
1984201573,4
3836568896,4
1292235101,4
164610479X,4
1401299911,4
000731373X,4
0500021503,4
1435458869,4
1779506619,4
0128021209,4
1606997432,4
0738743348,4
0847868443,4
0062428357,4
3899559193,4
1624650392,4
0070856133,4
0198427166,4
0578568314,4
3836542935,4
1492054135,4
1292214872,4
1943243549,4
383654122X,4
0190925302,4
1119144019,4
0880793805,4
1684156092,4
8176465291,4
0198754833,4
377574505X,4
1786272318,4
1617294942,4
1260453758,4
1138049042,4
3836564181,4
1628921706,4
9960892263,4
0393701719,4
1119651689,4
1772940968,4
1118800966,4
1506719953,4
1302922408,4
0870705075,4
0714876402,4
1506718795,4
3899559061,4
0762456612,4
1907165002,4
0199689458,4
4883196461,4
0847860221,4
1138665665,4
1108491618,4
1474268048,4
8899212104,4
0714874779,4
1903254469,4
1772940364,4
1292229861,4
1933820292,4
1838661271,4
0393667367,4
3931936937,4
1437703097,4
1401918336,4
0744019044,4
383657537X,4
1462525814,4
1554071542,4
3791359215,4
0062318535,4
1597113395,4
1524104663,4
1285465067,4
1907117040,4
1401292313,4
0847864197,4
1786272350,4
0198825544,4
0199219869,4
0847861724,4
0691042896,4
0988378841,4
1599621282,4
0415841917,4
1858755778,4
1873200889,4
1401243797,4
0321503627,4
0190862173,4
1260185214,4
0970246358,4
1617130990,4
159726573X,4
1138050792,4
1999667433,4
0415827140,4
1449368425,4
0134291050,4
1302902202,4
1118472209,4
0847864529,4
1614286647,4
0578714426,4
1784723711,4
177294095X,4
1526449900,4
0198740298,4
0367468956,4
0714865915,4
4756251471,4
1119530814,4
1558606432,4
0911226273,4
0847862992,4
1292083794,4
1926778898,4
1595827684,4
1606065904,4
019060767X,4
1285089316,4
1138859788,4
0714874841,4
1789093120,4
0452282667,4
1786270668,4
0702077119,4
1589010965,4
1786271249,4
1556220782,4
0134392078,4
0691154910,4
1292157763,4
0847863204,4
0847849791,4
0500021589,4
1292016620,4
1491987650,4
1632159155,4
1302915274,4
1953201113,4
1401287638,4
0847860353,4
389955955X,4
178067175X,4
0847868990,4
1118714709,4
1472829727,4
3836569361,4
1302907883,4
178934834X,4
0847830578,4
1910381136,4
0321815734,4
0749483741,4
1473764793,4
0847825043,4
1118273419,4
0415749336,4
1419717790,4
1595823107,4
0550103295,4
3791386514,4
0702044148,4
140127370X,4
0714834491,4
3775747192,4
3836561301,4
1119108411,4
0470057246,4
9188441571,4
0762450398,4
1852308478,4
4893588826,4
0387401016,4
111887613X,4
1138563102,4
1444790692,4
0999811754,4
1138542202,4
1401286267,4
0563370211,4
1119383633,4
1316608859,4
0233005854,4
3899559576,4
0847831884,4
9074822681,4
1119312523,4
0648309827,4
1547417307,4
3899559401,4
1496350294,4
1633938719,4
026218253X,4
0606235434,4
1451147279,4
0764360035,4
1119120845,4
1302915142,4
1118296400,4
1509303650,4
1302926365,4
386828530X,4
1743677588,4
0194202437,4
1302922874,4
1440248982,4
0321712471,4
1933820330,4
3836575086,4
1506714587,4
3836565889,4
1999667484,4
144939292X,4
0199578729,4
1999353307,4
0711236631,4
0393712850,4
1138808105,4
0415372437,4
0714871664,4
1292241578,4
0321815742,4
1401276458,4
1118415779,4
1292158476,4
0521707390,4
1138218421,4
1484230175,4
111928435X,4
1772940984,4
1405114169,4
1302915967,4
0810971429,4
019968037X,4
3899559886,4
1779502966,4
129225789X,4
0230729843,4
1838660852,4
1352005050,4
0307957063,4
0957261020,4
1910505447,4
0198794142,4
9963951775,4
1907085424,4
1934996092,4
0749496975,4
0847865517,4
0393976556,4
130291328X,4
1401256821,4
1302915371,4
0702051454,4
0226106330,4
1916211046,4
1108471226,4
8467933038,4
0847843327,4
1909581038,4
1424556511,4
8879116843,4
177294064X,4
3721200438,4
0847862909,4
0198717342,4
1628601183,4
1680506706,4
1108781616,4
1779504683,4
0300123825,4
0415993415,4
0550142304,4
1473964288,4
1302912062,4
085294134X,4
0739095870,4
1408871874,4
1850972907,4
0847858235,4
2869251394,4
0988378868,4
140191716X,4
0676977413,4
0123910587,4
041587923X,4
0847848515,4
1617293814,4
1908032162,4
1492048909,4
9490951277,4
1138100404,4
1593276680,4
1838078304,4
0702074489,4
0134495497,4
1626253099,4
0847848108,4
0815369492,4
1905686382,4
0241360234,4
1858946263,4
1292314400,4
0198810245,4
1910809187,4
3836560933,4
1568825021,4
0393668150,4
1473948908,4
0500518548,4
1108865984,4
3791357638,4
1910584401,4
156980057X,4
0691002851,4
0008150265,4
1999643313,4
0415692628,4
1848193262,4
1292074612,4
1452145458,4
3836551861,4
1851498672,4
0812247922,4
0415058449,4
1292158107,4
0702049808,4
1916126103,4
1433572044,4
0744019613,4
0702057282,4
1292097612,4
0415827264,4
0702070289,4
1472972856,4
1302915304,4
1302926322,4
1492055433,4
0714877581,4
1609189922,4
1851245022,4
8799816903,4
047002397X,4
1302925202,4
0195336674,4
1908520442,4
110715605X,4
2846170266,4
095353782X,4
1784721638,4
0198392133,4
1119055520,4
0367320568,4
1935274058,4
1138801313,4
147247578X,4
1855750384,4
1534316450,4
0323639178,4
0760368074,4
0571085946,4
379138483X,4
3836269732,4
1316638537,4
0241294223,4
0702073326,4
0992949262,4
131661476X,4
0847868486,4
1838660763,4
1848724160,4
1558291806,4
0847860299,4
1633450414,4
149205478X,4
0471720860,4
1912520176,4
1906537550,4
0990798577,4
3791381628,4
1119576431,4
1848221746,4
1910281999,4
0465024947,4
1119549043,4
0993564682,4
2379450447,4
0199254567,4
0714876747,4
8862087322,4
208020159X,4
8890403829,4
1419704303,4
110843682X,4
1614288089,4
0198800568,4
0194325385,4
1292212896,4
1107663288,4
022638957X,4
191130478X,4
0230405959,4
0793548748,4
1292153598,4
1909301337,4
1560915269,4
1119495903,4
3944874617,4
0470281669,4
0300241208,4
1437716342,4
1859466281,4
0367531925,4
0500343438,4
0813343933,4
1452159114,4
2940506302,4
1119378761,4
3658241063,4
0500545022,4
1781319154,4
2812320605,4
1709385650,4
0714876798,4
1927925460,4
3899558588,4
1292269146,4
1492552127,4
3125279917,4
0714876801,4
0198487274,4
0199665885,4
0415815061,4
050034342X,4
0230723217,4
3961711720,4
2940506337,4
0199591156,4
1678390194,4
0198759754,4
0984618104,4
0857687441,4
184819255X,4
9123674911,4
1292016019,4
1784724033,4
1408884763,4
1138869619,4
1137349263,4
1851499156,4
1597113611,4
0500544484,4
1302918753,4
1099184878,4
0113315333,4
3791385208,4
1680506714,4
1118291077,4
1292096934,4
0521314194,4
0702066850,4
1444137697,4
1910258113,4
1292250976,4
1789800935,4
0007363958,4
3791385062,4
0500544662,4
1119312973,4
2369832045,4
1260453715,4
0415718910,4
331947393X,4
0995658641,4
1492025798,4
0500516456,4
1138209880,4
0702066680,4
0847848833,4
1733601805,4
0979956277,4
0852232365,4
1119272858,4
3110608308,4
1760424595,4
0702074012,4
1119219604,4
0198565763,4
1107091144,4
8490569142,4
3836552825,4
0198207344,4
0393713032,4
0198392125,4
0415617472,4
178933148X,4
1937878082,4
1788834097,4
1910809403,4
1603582584,4
1904424961,4
1784723657,4
1462540384,4
1781557691,4
1119400066,4
1472572580,4
0198752539,4
1910505226,4
074947677X,4
1119522196,4
1352010275,4
3836577127,4
1302911597,4
1788840283,4
0199686009,4
1788173376,4
3961710937,4
1910505234,4
1401944442,4
0702030465,4
1527266796,4
1727125452,4
3822856215,4
1999855787,4
1770852220,4
1292193336,4
3836573369,4
1292061421,4
1107685877,4
1597114243,4
1734467509,4
0674241851,4
1936781832,4
1451190344,4
0870709488,4
0691162980,4
1119448115,4
1138061255,4
1938304020,4
0500023476,4
1999734556,4
1945701102,4
0847848779,4
1583912185,4
1858946468,4
199964333X,4
130291720X,4
0333964578,4
173386900X,4
1472836693,4
1560007044,4
0415656427,4
1118968530,4
1840917830,4
1119536626,4
1938024303,4
2130754600,4
0415522692,4
1292096136,4
3836538350,4
1614286809,4
1138208523,4
1841690244,4
1910505188,4
1539640361,4
0946439842,4
0714869961,4
0198820283,4
1526408244,4
0415539382,4
1447959752,4
0199692564,4
1292216115,4
0714874612,4
0691143277,4
1781300755,4
0749465158,4
0198812612,4
1909741604,4
1408876833,4
0847866599,4
1913412008,4
1118024303,4
1790479215,4
0853609535,4
1118446372,4
1292145129,4
1526491974,4
1119331439,4
3899556984,4
0500238944,4
0857880047,4
3791386700,4
0230280498,4
0198237227,4
095742468X,4
0113314876,4
0470842903,4
0300123493,4
1098115783,4
3791357646,4
0847860507,4
1119241413,4
1909141011,4
0847839621,4
111950161X,4
9401802831,4
0702031755,4
9188441210,4
8412155025,4
0744018617,4
1614289786,4
3899936663,4
071487910X,4
1119513197,4
0760352216,4
1108553095,4
0714878596,4
3030542556,4
1975114434,4
0534367313,4
1950789101,4
1444790676,4
0367509539,4
0714870676,4
0521153972,4
1851494308,4
0198737440,4
1496345649,4
1444195948,4
0387901639,4
1569003653,4
1510474315,4
0702061875,4
0764358650,4
1614286264,4
0803646062,4
8879117653,4
1119508975,4
0857013947,4
1118914708,4
1838661905,4
0847860639,4
2857086954,4
1840915374,4
1912339943,4
1472586697,4
1846239508,4
1474920489,4
3836570467,4
0007192932,4
1907261087,4
0007525540,4
1292208783,4
3848011891,4
1910809314,4
1910350435,4
1292154454,4
1302913824,4
153948226X,4
0198809867,4
1138790974,4
0714843083,4
0500517061,4
0330399195,4
0762104201,4
0946439508,4
0470319585,4
0198714254,4
1419720902,4
0198500025,4
0367370638,4
1119554209,4
0415671868,4
1909342211,4
2841239918,4
0803938829,4
0195395638,4
1107034264,4
1292170433,4
1119482216,4
1864707119,4
0521406056,4
0198809875,4
1138104078,4
1118406842,4
0993019315,4
1138060291,4
0007542925,4
0852442157,4
126008485X,4
0847844765,4
1743073682,4
1316605698,4
3869309601,4
1137581336,4
1526718855,4
1785657585,4
1118741188,4
1614289611,4
1916436102,4
0857113690,4
0415582598,4
0007264895,4
0500022291,4
1292215003,4
1910809225,4
1108455824,4
1137030143,4
0300120699,4
1910809411,4
0749470984,4
0582092396,4
3328600620,4
0415431581,4
0262044455,4
183866128X,4
1138687367,4
1138482234,4
0113316682,4
1851497706,4
0393713075,4
1138326097,4
1119065992,4
1462528503,4
1647222672,4
1903254906,4
0230406394,4
1138188646,4
1451109547,4
099545552X,4
1138851108,4
0198767234,4
1910505471,4
0815393946,4
140512749X,4
9887972622,4
1909245755,4
0500341877,4
1789141478,4
1138775320,4
0276001826,4
1909141356,4
1526790742,4
1580935176,4
0563504196,4
1118319222,4
1850972508,4
3899554426,4
1119373824,4
1787534677,4
1911510339,4
041527558X,4
0415854296,4
111850917X,4
1937994430,4
0199655790,4
000748626X,4
1107699347,4
9401802890,4
1911475487,4
1292264454,4
1138101443,4
1788840186,4
0847868907,4
0691141614,4
1999734548,4
014025403X,4
1910258415,4
1382004966,4
1473602254,4
0702069930,4
1784721069,4
1572244291,4
0199580332,4
1910491195,4
1473748739,4
1909741558,4
1119118379,4
0198779062,4
0340717378,4
1999353358,4
1906756155,4
0714875589,4
1916068308,4
1529124018,4
0198818831,4
0007556527,4
1526705281,4
0198826605,4
1138930687,4
1119379458,4
0415103495,4
1138949779,4
1856696928,4
1441129510,4
0720610931,4
1133187811,4
0008387966,4
0521867444,4
0393680398,4
1503319210,4
1137007184,4
1138950149,4
0241146534,4
1787391299,4
1527233502,4
0414026721,4
1302923323,4
1405111178,4
1607964465,4
9542929420,4
0198526628,4
0736099360,4
1482241994,4
0876332955,4
1119151856,4
1975107608,4
1292077611,4
0199207615,4
1927363675,4
0415481309,4
1844489299,4
1905686749,4
0198787774,4
071198641X,4
1472905571,4
1108741614,4
0761954325,4
0972851739,4
1446298469,4
0393713415,4
0415644569,4
3943330338,4
0198804105,4
3836584689,4
0199668647,4
1471350363,4
0415749182,4
1509820736,4
3961711178,4
0500021376,4
1316610527,4
019929609X,4
0310450578,4
052171740X,4
0847865819,4
0323673244,4
1509844333,4
0747532699,4
1473672678,4
1846193656,4
147362780X,4
041549639X,4
8470756656,4
1108711758,4
0415725763,4
1562348604,4
0702076422,4
0199261970,4
1118767209,4
1444790706,4
145112791X,4
1118659333,4
1118993098,4
0865428719,4
1108964311,4
1444790684,4
3035616698,4
1760420514,4
0765702509,4
0815369972,4
1857150953,4
0300222009,4
1119072565,4
1138191701,4
0367135434,4
1435158121,4
050051917X,4
019967812X,4
140819371X,4
1780172737,4
1447299973,4
1292253967,4
019957202X,4
0198857292,4
1858946697,4
2841569357,4
3961712050,4
1292153962,4
0729542424,4
070204265X,4
3961711895,4
0241256577,4
0367273233,4
1856232794,4
8857206548,4
1851778276,4
191058441X,4
0008327726,4
1482245825,4
1909741248,4
1784880264,4
0008424519,4
1473925339,4
8861823203,4
0847866025,4
1910451096,4
1848222688,4
149872292X,4
1435156234,4
1910584312,4
3958294138,4
0847869199,4
0500971099,4
0749496959,4
0199588058,4
0815345518,4
3035604673,4
1407188348,4
0992934818,4
1845841166,4
1920989005,4
0451174550,4
1999643305,4
1912217481,4
1782492003,4
1782204172,4
2742768939,4
1138685089,4
3836574470,4
043518508X,4
1787392856,4
0198791836,4
1560323396,4
0091883989,4
9041166378,4
1861085605,4
1789096138,4
1906133824,4
0198807104,4
1527203441,4
0956516645,4
3667102895,4
0198786484,4
1857151925,4
1119193923,4
0198733801,4
9401802920,4
1444331213,4
0198724012,4
3836562812,4
1138641715,4
396171018X,4
1851498915,4
084786586X,4
1912782545,4
0297855409,4
1905319614,4
2412063648,4
0500544204,4
0415706688,4
1292025689,4
0194422585,4
1785291874,4
1781169292,4
0140069305,4
1107636825,4
0631204490,4
0521559138,4
190974168X,4
0702072265,4
070206601X,4
3981433904,4
1292220317,4
0754646009,4
1841586528,4
9607914384,4
0470319038,4
1931626448,4
0199666040,4
1471350428,4
1849497605,4
1849497990,4
3894941499,4
1107638453,4
1119476976,4
1907359451,4
0415508304,4
000711835X,4
1119590132,4
1462504485,4
1850299927,4
0702053627,4
1498739849,4
184400984X,4
074947419X,4
0007182368,4
1292092629,4
1292008652,4
0415636477,4
1787113043,4
0956361447,4
1785293184,4
0198727879,4
0091874831,4
1641050268,4
0199574456,4
0749498277,4
050054445X,4
110767736X,4
1527203344,4
1449343503,4
1782438041,4
1138658472,4
849848412X,4
1119962862,4
011553461X,4
1860772390,4
1910505161,4
0300246269,4
184076144X,4
0415903025,4
1137375019,4
1789133416,4
111999571X,4
1848221479,4
1138791563,4
1107492610,4
1452182787,4
0702074624,4
1108739814,4
0751364428,4
1138708968,4
1138781053,4
0008302766,4
1786790904,4
0571349102,4
9046905608,4
8891820415,4
1851498702,4
1912782421,4
0702054054,4
0340826711,4
1904842984,4
1473692776,4
1108403379,4
0521533384,4
0992820952,4
1844038904,4
0702072214,4
1849200246,4
0723438714,4
0747510490,4
1909368725,4
0415425239,4
9490951595,4
1352010259,4
0198810075,4
1472257855,4
135200545X,4
1780723687,4
0199668701,4
8857241165,4
1137545186,4
057109659X,4
1408835444,4
190790428X,4
0241349648,4
0198858388,4
1119962951,4
1781085226,4
1472807731,4
0198795556,4
1910443700,4
0300241429,4
1118457234,4
0198719418,4
0198719027,4
1455506206,4
0984412603,4
1845889711,4
0500519048,4
0273760688,4
0632054980,4
0847860167,4
1405168072,4
0198795823,4
0907547516,4
0746003102,4
111877843X,4
3947156286,4
1118779738,4
190753380X,4
1858946751,4
0300226772,4
0199688419,4
0008259542,4
0198856644,4
3927458562,4
0415725771,4
1455758981,4
1786390205,4
0198783485,4
0199679851,4
1472121015,4
1405189290,4
1786790211,4
1498796508,4
1947026348,4
0300210981,4
184246650X,4
1784881589,4
0113316763,4
0304354449,4
0199681899,4
1107680220,4
1138098019,4
0815362048,4
1407177648,4
0702078689,4
1910505064,4
1408816903,4
0117081078,4
1911015567,4
0198769954,4
1850972516,4
1912782553,4
1783782285,4
1259251349,4
1862059292,4
0815361831,4
1597568910,4
1137373431,4
0711238928,4
1292268859,4
0500518254,4
2019454009,4
0713992883,4
1788160428,4
0198853858,4
1119253764,4
8861823173,4
0415592593,4
1910254509,4
0008214204,4
1907085866,4
0198808186,4
0141980524,4
1787330427,4
0198708920,4
1912733072,4
0198807090,4
1907372571,4
2812320834,4
1785751956,4
1912085380,4
0711237875,4
0702053252,4
0992876907,4
1138067865,4
1841696560,4
1910350672,4
111942089X,4
1788841069,4
1912892464,4
379135888X,4
0750620188,4
1905319649,4
1108789978,4
0335264549,4
0199697310,4
1786273675,4
1772269735,4
0711207461,4
088163414X,4
1760421669,4
1292160160,4
1544323727,4
1292286741,4
9089898360,4
1446201376,4
0521775418,4
1787033856,4
041407775X,4
0241991439,4
081537836X,4
0702075396,4
1292341130,4
1119325536,4
3035616914,4
1319114652,4
1119970784,4
1780679483,4
1138714682,4
1587991721,4
1912085461,4
1292017317,4
2379450277,4
1473691664,4
1849498466,4
070207005X,4
0008241333,4
1119126797,4
8861823386,4
1862274843,4
1910505331,4
0500545278,4
0702069094,4
1138293245,4
111885232X,4
3923704895,4
131663101X,4
1780175108,4
0091917778,4
1292282452,4
1292260858,4
0198487061,4
129217613X,4
0415720389,4
1137497556,4
0711232709,4
0241292522,4
1911015575,4
071123860X,4
1612050271,4
019885529X,4
019967132X,4
0718001982,4
0749498641,4
0008366691,4
1847948286,4
0198855079,4
0803978618,4
0711210470,4
0857113658,4
0847860132,4
1845339274,4
1292315032,4
0748715843,4
1903998735,4
071348957X,4
0723257906,4
0435183052,4
1910931721,4
1292002549,4
0230553001,4
0198818858,4
0582405742,4
1478954035,4
075062387X,4
9492811642,4
1138070068,4
1473758432,4
0007210914,4
129207423X,4
1292098678,4
0008320314,4
0198738382,4
150635548X,4
1780672918,4
0199601178,4
019883490X,4
0080966527,4
0415578213,4
1482231921,4
0335244491,4
0415583365,4
1292071311,4
178633061X,4
1916123104,4
1780239300,4
111840968X,4
1138568953,4
1526738163,4
1847947425,4
0857112856,4
1138070556,4
1783963964,4
1292296569,4
1904424910,4
1858946255,4
1292214732,4
0435181440,4
0199236178,4
1119634385,4
2035938627,4
0863696554,4
0749474114,4
1408843935,4
1870067967,4
0198704917,4
0702047287,4
178703383X,4
0300209851,4
1292324635,4
1912141019,4
0199592330,4
0632048859,4
1118655389,4
8875706298,4
098441262X,4
0335242758,4
0702062111,4
0711237220,4
0198804725,4
0007363966,4
019874918X,4
1856175286,4
0847866181,4
0847864677,4
2379450684,4
0198788010,4
1909301205,4
0521165148,4
0750665084,4
0198808658,4
030025105X,4
0855000015,4
0435193422,4
0113313276,4
0198847084,4
1107401011,4
1789254582,4
1107657261,4
0723438072,4
0563539070,4
019879780X,4
1781256845,4
1137031204,4
0080965350,4
0702067172,4
0646212745,4
1119106672,4
1906456003,4
0435188631,4
1403948267,4
0198747438,4
1292090510,4
1471350355,4
1107691648,4
1292204486,4
0007210892,4
0198848471,4
0335243118,4
0007210906,4
0500971080,4
140880249X,4
0500516243,4
0008235627,4
1119413141,4
0198804555,4
184976574X,4
1138684368,4
1861562268,4
1107646375,4
129219166X,4
1440862524,4
0241360862,4
1783351322,4
1912130580,4
074948277X,4
1855144522,4
0230301835,4
113890709X,4
0199148031,4
1496354044,4
0198719442,4
1108863191,4
1846238498,4
0670912484,4
1999885600,4
0500543976,4
0443072175,4
0470673133,4
0749581352,4
1472964055,4
0702071676,4
1472968492,4
1472943074,4
2501151801,4
1292298855,4
0470694297,4
0330313746,4
1911624385,4
0367424533,4
0198806760,4
1785211439,4
0415335167,4
1292135603,4
023054956X,4
1856178005,4
1848320787,4
0141369914,4
0198784198,4
0113314671,4
0194768988,4
0709196164,4
178157376X,4
1292208627,4
1138673595,4
1292159049,4
193694300X,4
113891374X,4
0198848455,4
0007118449,4
1137508183,4
0091944244,4
000748562X,4
1472924169,4
019848688X,4
1847975909,4
1849767092,4
1405150610,4
2081513390,4
0714862398,4
1292101768,4
095589302X,4
0443073260,4
0273750755,4
0199207496,4
1118745922,4
1138814474,4
1108463592,4
1859184790,4
1856267296,4
885723827X,4
0198856016,4
1912755394,4
0847868508,4
0713670878,4
144413311X,4
0199251010,4
0198745524,4
0702045896,4
0857113437,4
0847868834,4
0414056264,4
1780174926,4
0335243835,4
1847923038,4
0393667812,4
1473692725,4
0198808666,4
1847970761,4
1405169494,4
1412930227,4
0198768818,4
0708898696,4
3923704593,4
1911422073,4
1118772989,4
1444193767,4
0230744516,4
0470033347,4
1138935298,4
0007491093,4
1999959574,4
0702077895,4
1844144356,4
190351133X,4
184809390X,4
0702070122,4
0500238553,4
047064608X,4
1450496458,4
0414060687,4
0198806361,4
1910443719,4
0007338406,4
1408882248,4
0198529163,4
0077154517,4
1848224532,4
019960830X,4
1138673498,4
0198830890,4
1847032559,4
3319994190,4
0903505983,4
1409311538,4
1108460127,4
0500542805,4
1472919009,4
0415636000,4
0859504042,4
1137397020,4
0198806353,4
0711214255,4
0007328702,4
0198501056,4
185946775X,4
0199218919,4
0470646136,4
023027479X,4
1292251573,4
0500023433,4
1405192666,4
1848601646,4
0199651612,4
0443069190,4
0241304105,4
0198703953,4
1780672861,4
1594517916,4
0199644438,4
0631206124,4
1292251166,4
1858945925,4
0199584346,4
0199674442,4
1916211054,4
1529704502,4
041583158X,4
0718144007,4
1444163183,4
1999955102,4
1482299186,4
1472980212,4
0276001362,4
1856178072,4
1785210831,4
0198747381,4
0198704372,4
1780172990,4
1733146636,4
0134154363,4
111921713X,4
1526450011,4
1118906136,4
0393263126,4
019968409X,4
0063028743,4
1292114061,4
0007280475,4
0702055166,4
113858620X,4
144413535X,4
1472833716,4
3836567199,4
1405176016,4
019479900X,4
0008393621,4
0415815800,4
0198705948,4
1911304453,4
1911214284,4
1907427937,4
0261102389,4
0340970839,4
1138806137,4
0198392923,4
070205447X,4
1119232651,4
0435125923,4
1910258814,4
019878516X,4
0367346125,4
0273718134,4
0199698406,4
1138643130,4
1119087295,4
1292263423,4
1408504073,4
0077189620,4
1506213588,4
1108463991,4
0857113720,4
0198705409,4
1854725912,4
1469832011,4
1408504529,4
1780174683,4
0815369646,4
000728618X,4
075354816X,4
0435182560,4
0702028444,4
0600634221,4
0702061883,4
1785657283,4
1846147751,4
1472941519,4
0470659173,4
043518864X,4
0198717857,4
0711236925,4
0747588708,4
1138673528,4
0300246773,4
1408134411,4
1911475142,4
0198735820,4
1405872934,4
1107401003,4
0113312946,4
1909301507,4
0198354118,4
0712657649,4
0859651738,4
1905635923,4
1405133457,4
0198747926,4
0415682312,4
0273767062,4
0367138573,4
0718140281,4
0198768117,4
0198569580,4
1904573010,4
3961712913,4
0241308356,4
3038602183,4
0141007117,4
0198802706,4
190565443X,4
1292134275,4
0857843303,4
1118230744,4
0393920771,4
0190078170,4
0702080209,4
1916495702,4
1444144170,4
1138608173,4
1137603003,4
1905635834,4
1137376554,4
0521017076,4
1447299736,4
0335247229,4
0008258341,4
0241269067,4
0199282013,4
1855755300,4
0198804164,4
1849766444,4
1849495459,4
1118936116,4
1913019039,4
0077140060,4
3836584298,4
1118823532,4
1848223137,4
1909082163,4
1782814353,4
0198722052,4
075281835X,4
0199671036,4
0198813538,4
0007328761,4
1846238269,4
0199660395,4
1118661540,4
1858820618,4
1292100737,4
0521847133,4
0708823904,4
0273743678,4
0198836740,4
0198752989,4
1510453342,4
0957149905,4
0113314221,4
0007212216,4
1118947649,4
1908032200,4
0859501035,4
0230766242,4
3947156219,4
1472223268,4
0198768028,4
0905712153,4
0198811837,4
1137413875,4
147372533X,4
0007590075,4
1444337483,4
0500294542,4
1444121383,4
1138290335,4
1788161556,4
1118773039,4
0007498829,4
129208829X,4
0702051411,4
0198831927,4
0001981854,4
1473758424,4
0500021570,4
0857113682,4
0224078704,4
0954071468,4
1472913612,4
1912690691,4
1118936256,4
1405168080,4
0500519811,4
0006923046,4
0702071730,4
1408522284,4
0199683301,4
0500239754,4
019999739X,4
0702069973,4
050051836X,4
1916068405,4
019885840X,4
047067217X,4
1292244011,4
1292090456,4
0198840322,4
0860019152,4
1785007599,4
1847324215,4
1137009586,4
0414070712,4
0199574189,4
1848222041,4
0600317005,4
1597114758,4
1848193947,4
0230579078,4
0470660228,4
1911015265,4
1844423077,4
033032750X,4
1785315552,4
0077161149,4
1911666088,4
0198811810,4
1780289014,4
1408522292,4
0198717334,4
1856267881,4
0571295134,4
1119954657,4
0230215580,4
074943452X,4
1473629144,4
1842466348,4
1847979971,4
0702068497,4
0199651620,4
0199542554,4
1472953541,4
1119235111,4
0198830556,4
1444120980,4
1412962188,4
3836578638,4
1405354232,4
0470656816,4
047196476X,4
1859466265,4
0521890497,4
0199662886,4
0198777663,4
0415723086,4
000822627X,4
135200111X,4
1292269561,4
0702031704,4
0470019921,4
0198829973,4
1138673579,4
0199229945,4
1848223218,4
1848190336,4
9814720178,4
0702030414,4
0711252629,4
0198706774,4
1849492727,4
0582091934,4
0198786875,4
1292187859,4
1509929177,4
0198826214,4
1107485509,4
019876653X,4
1785611704,4
1292088486,4
1471152448,4
1292214147,4
0521797004,4
1783523050,4
0711905525,4
1857756797,4
1785945130,4
0414060377,4
1405111836,4
1849498822,4
1472261364,4
1909242799,4
1138122599,4
0815358326,4
1526426781,4
0198809999,4
0007252234,4
0593072952,4
0198703864,4
0855331887,4
0198375719,4
1138065773,4
0415644976,4
8879112708,4
1787121798,4
1292261641,4
1526749432,4
1907904336,4
0080971121,4
0198858434,4
1859463495,4
0435182587,4
0702071951,4
0198754612,4
1785230980,4
1292255994,4
1292204575,4
0198377827,4
0128184825,4
0198743548,4
0330264419,4
0198787707,4
0198816987,4
1292003138,4
1292276436,4
1292314737,4
1848221800,4
1292187166,4
019884848X,4
1838681566,4
022410229X,4
140535318X,4
1292128852,4
019880816X,4
1509936149,4
394715626X,4
0198799802,4
9813157879,4
027372133X,4
0007245955,4
0903505754,4
1412905761,4
1292289686,4
1107615887,4
0702049824,4
1292083573,4
1292237066,4
0900543418,4
0702067199,4
1292088729,4
0415640865,4
0008250995,4
0335237460,4
0853319901,4
1782202064,4
0851014003,4
0130311804,4
1785231057,4
0007439296,4
1838078339,4
1319114709,4
1119968658,4
1292251204,4
1405858508,4
0857113380,4
0008284970,4
0198860382,4
0198765894,4
1408809168,4
0199689849,4
0198860439,4
0857113518,4
1911450069,4
147389560X,4
1403942463,4
0198375816,4
1785312286,4
0199234027,4
0702077003,4
0335262309,4
0230302858,4
0276001702,4
1859468659,4
1905635761,4
1859466443,4
0749483687,4
1526847345,4
111864428X,4
1905319266,4
0199253404,4
070207165X,4
1473768543,4
1319181945,4
1108727646,4
1785004794,4
0198794592,4
152684723X,4
0194527697,4
0198848463,4
1292238844,4
129225954X,4
1292026553,4
0367253240,4
1471868567,4
0415657040,4
0749578459,4
0198424957,4
1848222408,4
1789090709,4
1910443395,4
0335250173,4
0860019128,4
0113312741,4
0702047317,4
1292209178,4
1848221118,4
1872730159,4
1292276703,4
0702030252,4
0199146756,4
0077139135,4
1912755823,4
1526711869,4
0702070009,4
1108733751,4
0199661707,4
0957149972,4
1405183802,4
0367202514,4
000835457X,4
1529003059,4
0860010023,4
0080969593,4
151046171X,4
0702062235,4
0702073962,4
1905319800,4
019873722X,4
1909368253,4
0815366213,4
0415859085,4
0192749889,4
1908457082,4
1859469027,4
1844562603,4
0750668210,4
0198804717,4
0199147353,4
0199678995,4
0198807783,4
1903378990,4
0198810601,4
1292088591,4
3777434396,4
0199590117,4
0815375395,4
1526847124,4
0729542653,4
039364040X,4
0702068594,4
1780673191,4
019877950X,4
1910702013,4
1910505366,4
1787471047,4
1107451647,4
0117082511,4
0500343144,4
1846685524,4
1292065931,4
0008124221,4
0198858043,4
1975114841,4
131931578X,4
0198717318,4
0198860404,4
1846239648,4
129200469X,4
0500052085,4
129202481X,4
1444122355,4
0415559057,4
1138700215,4
0749484365,4
0415596459,4
1405157119,4
0273693069,4
1119317967,4
0007280580,4
019837576X,4
0198814674,4
1472924541,4
1849495599,4
0563487755,4
0007191308,4
0715122630,4
0007309058,4
1870946316,4
1897738633,4
0367023342,4
1911450042,4
1292085673,4
1772265713,4
1444133055,4
1118349652,4
0857112988,4
1292276541,4
0300225210,4
1848290853,4
019879200X,4
178087989X,4
1846826535,4
0198846959,4
1405186739,4
0002190699,4
0863888089,4
0077173635,4
0992934842,4
1316608816,4
1910505323,4
1292092610,4
1780275307,4
019876880X,4
0300184735,4
1405187433,4
1259922499,4
1785943197,4
1408869330,4
1118977106,4
1858946700,4
0198829272,4
1138503517,4
1473692792,4
1446207862,4
1848322259,4
113861632X,4
0702072508,4
0702072125,4
1138806307,4
1840760702,4
0198854145,4
0335226884,4
0367862166,4
1292274158,4
1118917324,4
1292185864,4
1856136639,4
0754645592,4
0198392907,4
070207926X,4
191294328X,4
178500266X,4
1909141232,4
1911304224,4
1843983664,4
0415741793,4
0004129350,4
1912943107,4
1408527375,4
0857832727,4
0198804482,4
1408523140,4
113807098X,4
0470659106,4
1292309369,4
0367330520,4
1851778012,4
0335191452,4
1473953316,4
1409452697,4
0300116144,4
0335243193,4
0198800134,4
129211956X,4
1444145460,4
0230242472,4
1292092882,4
0281074461,4
0007348037,4
0199609322,4
0198809573,4
1118815173,4
1138005142,4
1907904050,4
0198823096,4
1910787051,4
0198748329,4
396171276X,4
190930154X,4
1785035266,4
1292251050,4
0500051933,4
1846143659,4
1292211407,4
0330259598,4
1119488982,4
0194529150,4
1292341637,4
129209432X,4
1526426323,4
0198748574,4
0199235333,4
0702073377,4
082647201X,4
0199590273,4
184400502X,4
1846144035,4
1785654322,4
113810177X,4
1138065250,4
0702066028,4
0702071749,4
1352009811,4
0749483873,4
1444139339,4
1927338387,4
1910079553,4
1906133441,4
1605358940,4
113824435X,4
1903269350,4
1118378083,4
1473748879,4
1760630721,4
0702072478,4
1137605448,4
0500294208,4
0198860447,4
1696747872,4
1108401422,4
1292253649,4
1905812175,4
0198789270,4
1927338409,4
1855206978,4
1787133559,4
0691165297,4
111846835X,4
0007364075,4
1858946883,4
0300096240,4
0198399650,4
1787112071,4
019871209X,4
1911015257,4
0335263526,4
1526848082,4
144728464X,4
1472920899,4
0863887589,4
0521720184,4
1451193831,4
0198810997,4
0198794150,4
0300126689,4
8862087292,4
0450000494,4
0702072435,4
1975109910,4
1108722156,4
0300205961,4
1138814776,4
1292118709,4
1107657687,4
0367210509,4
007717528X,4
1844088057,4
1444170198,4
1911450441,4
033526428X,4
0330267884,4
0600602354,4
0414071115,4
0367506580,4
0007257929,4
0297860321,4
1473760186,4
1843983583,4
0198467087,4
0198805926,4
1903845203,4
0702055522,4
0198745311,4
1909301930,4
0749483857,4
129217434X,4
2841239098,4
0194798488,4
1405198559,4
0199644969,4
0198860412,4
1506386768,4
0198839812,4
3039021001,4
0714847836,4
0198824882,4
1138183725,4
0198736754,4
1409180980,4
000749310X,4
1352001284,4
1408257505,4
1471829731,4
1544331940,4
1292187026,4
1843924021,4
0367333686,4
0199696268,4
000820070X,4
129222097X,4
1292129093,4
0008392587,4
1292207833,4
1138065765,4
1119235928,4
1447990552,4
1859468195,4
1138929956,4
0367339617,4
0470672196,4
0199668868,4
1846144469,4
1526499010,4
019880606X,4
0863884415,4
1472947533,4
0702079367,4
0857112864,4
1405892315,4
0956209211,4
0199602123,4
1854728202,4
1472954734,4
0198831935,4
113877748X,4
0863889697,4
1526446952,4
1860827306,4
1108798756,4
0702055182,4
1583911200,4
0863889557,4
0198824904,4
0198821832,4
1788840828,4
0751307335,4
0198783493,4
0470674024,4
0957149956,4
0008112800,4
0198371179,4
1118907736,4
1138785970,4
0198818149,4
0335240887,4
0340967552,4
1782624465,4
0761965610,4
1903269393,4
113760672X,4
1905367457,4
1843984156,4
041571768X,4
1408093936,4
1846237009,4
0711237107,4
0273764594,4
1498707890,4
0415558344,4
1138642193,4
1855753413,4
1137526637,4
1118462947,4
0471224723,4
0194031594,4
1138491098,4
1784517267,4
1138626848,4
1975115368,4
0198815212,4
0273727648,4
0199657653,4
1846702224,4
1473913977,4
0198836635,4
0977096645,4
1119249864,4
1849493804,4
1292260971,4
0241207002,4
1843982412,4
0198798067,4
0198807317,4
1305093348,4
0198786239,4
1785614711,4
1292248440,4
1908674032,4
1292245484,4
1408801795,4
190780725X,4
147396928X,4
0244529493,4
9123881526,4
1138065781,4
1861563817,4
1526487969,4
0241290465,4
1843984121,4
0300224877,4
0198841515,4
1910200018,4
1906133298,4
0198807791,4
1905693621,4
1482221950,4
0702054461,4
0198787545,4
0715121944,4
0198833059,4
1316644286,4
184400337X,4
019883621X,4
1292317914,4
1509728171,4
0199134189,4
0007436688,4
1405122528,4
1292251255,4
1292234970,4
1108881645,4
1911216902,4
1292208546,4
0500517444,4
1785614525,4
0241003806,4
0008201420,4
0300185065,4
0281055548,4
0719574889,4
1906417857,4
1849736367,4
129226943X,4
238017010X,4
0415467209,4
1408187078,4
184403920X,4
1910227188,4
0521447763,4
0815393636,4
0593065077,4
141296184X,4
0198374224,4
1319243584,4
1292293128,4
1118557263,4
1405189584,4
1119010799,4
1843982285,4
1292303948,4
1912557991,4
0198825846,4
0956516610,4
0415687772,4
1898573700,4
0470673397,4
0367200821,4
1473734770,4
0393640310,4
0199236992,4
1903575990,4
0007267517,4
1845135555,4
1319248640,4
0300196547,4
0702072567,4
1509921036,4
1292219955,4
1899538003,4
0470658371,4
0008354553,4
0749481145,4
1447983548,4
1911015001,4
0198799012,4
1473734568,4
1292092890,4
0415857422,4
0241183413,4
0198351879,4
0815384637,4
1789254027,4
1509921338,4
0582045665,4
0702043443,4
1118510089,4
0198713053,4
1608318591,4
190983694X,4
0198860390,4
9813234091,4
1843984067,4
0393283739,4
0198804687,4
1782943145,4
178294723X,4
149879646X,4
1471835693,4
3895847895,4
1780672306,4
0749493143,4
0198843569,4
0300096046,4
0244830509,4
1473656753,4
0198825978,4
0300224788,4
0199571708,4
1447281314,4
1137432462,4
1843983168,4
1138298646,4
1472972880,4
1447982460,4
0333804570,4
1108705286,4
0008354561,4
1859467253,4
1843982447,4
1119451663,4
1446276325,4
1498741215,4
0198789769,4
1510469788,4
0198824890,4
1910016284,4
0230218652,4
0080967728,4
0198783191,4
0198753063,4
0230213154,4
1861268858,4
0300096534,4
0335261965,4
1138933325,4
1785294245,4
0198397151,4
1473725453,4
1409364518,4
1471836150,4
0857687751,4
1118717953,4
0435046837,4
1138674419,4
1473607604,4
1859469043,4
1849205523,4
1510469931,4
1916009905,4
178089841X,4
0198828535,4
1292293187,4
0415842891,4
1843984164,4
1510424377,4
0300225032,4
1138838063,4
1405163550,4
113807070X,4
1844800261,4
1316635759,4
1292331399,4
1119462959,4
1509859187,4
1873329407,4
1405195029,4
1292003081,4
151041648X,4
1840326964,4
0415824362,4
1408709112,4
0198860374,4
019403741X,4
0273733087,4
1498787711,4
0007317255,4
3038602205,4
0702077690,4
1119427290,4
1786271680,4
1292244100,4
0198374291,4
0198351771,4
1405109327,4
1843983710,4
0198800126,4
1471859924,4
1845861302,4
0863888070,4
1408283050,4
1859466125,4
1526506335,4
1471857956,4
1138713805,4
1848723318,4
1118880218,4
0702066699,4
0955893046,4
1138499722,4
1861543107,4
0198858426,4
0199679568,4
1137512202,4
1138787701,4
0077119088,4
0750680377,4
0198846673,4
0761965750,4
0008363587,4
0600636208,4
1785230778,4
0415492289,4
0749484144,4
1859598528,4
0815393490,4
1474601901,4
1784271977,4
1107652235,4
0500021686,4
149635835X,4
1526602865,4
1119237475,4
1509926682,4
1472946677,4
0702071846,4
1849197237,4
1292088184,4
0199670609,4
1464187444,4
0749498412,4
059307789X,4
0199549451,4
1107549302,4
1352004836,4
1473760275,4
1510470034,4
1408527367,4
1471858162,4
140829527X,4
1119585465,4
1510432256,4
0198735731,4
1441102566,4
0340900989,4
1292251026,4
0415859093,4
0470656921,4
1471858707,4
0198786638,4
111850044X,4
1405222794,4
147185809X,4
0753556480,4
1789665760,4
0198811071,4
0435453300,4
1292251484,4
1407189085,4
1408882280,4
1119565456,4
0952591111,4
1471858316,4
0198351828,4
0198436335,4
0593064003,4
0727741098,4
0198783450,4
0198351976,4
1292174358,4
0008164746,4
1137406747,4
0241317983,4
1408077426,4
0857112023,4
0415818192,4
1911028952,4
1848321473,4
111885649X,4
0393058816,4
0300223900,4
099313310X,4
0727759841,4
070204315X,4
0199662940,4
1848548982,4
1788400879,4
0007141327,4
1908911530,4
0367502836,4
0300125755,4
0335261620,4
0992753627,4
1846237440,4
1138785997,4
070205187X,4
0571333125,4
1853118966,4
0199572046,4
1909301558,4
0230551963,4
1911186116,4
1909431249,4
1472464257,4
1138098108,4
1292134003,4
0753550008,4
0198858442,4
1900510820,4
1843982692,4
0847867978,4
0199564388,4
1510414088,4
1292147822,4
0957394624,4
0198737602,4
1772267953,4
1447985303,4
185959655X,4
0007544103,4
1292245425,4
1911208446,4
1472968522,4
0335226906,4
1405139633,4
1509883541,4
1782624309,4
1839531800,4
0414037375,4
1855207494,4
1412930316,4
0750994681,4
1784724475,4
1138776408,4
1292312262,4
0367350785,4
1510458409,4
1912363992,4
1510449590,4
0702043575,4
0008298505,4
1474618251,4
052163718X,4
1843984040,4
0571313183,4
1781311900,4
0435032038,4
147375108X,4
0008164754,4
0415689961,4
0230291821,4
1316606325,4
1471847810,4
1471839516,4
1138497584,4
0080971008,4
0593073452,4
0198822111,4
1859466400,4
1848321384,4
1526456850,4
0198791038,4
1316644693,4
1444332562,4
191022765X,4
0198467109,4
1903494400,4
0198831676,4
0080450423,4
1138102776,4
0198752849,4
1473758394,4
1846194040,4
0435048163,4
0285647016,4
1846195934,4
1477302379,4
1471847764,4
1843983605,4
1447985338,4
0198833687,4
0199594805,4
0860936600,4
1408882272,4
1526847841,4
1526847396,4
144798532X,4
1909301671,4
1849204195,4
0198352182,4
0863884059,4
0727762117,4
0194039692,4
1859466419,4
1912755386,4
1108412718,4
184976686X,4
0077175190,4
1855207168,4
0750986972,4
1911208144,4
3125351618,4
1846906563,4
0956089437,4
1137610352,4
1292139463,4
1444702777,4
000821154X,4
1526500566,4
1408076020,4
147296649X,4
0230553087,4
0198436408,4
144799101X,4
1526494981,4
041546904X,4
1527226301,4
1860727751,4
140888223X,4
0198359179,4
1908407247,4
0198436440,4
1780437595,4
1783701889,4
1848223501,4
1408244705,4
1473637783,4
0415518369,4
0080965776,4
1473726646,4
1506386628,4
1855753561,4
129213965X,4
1473749301,4
1471839761,4
0241247470,4
1784722669,4
1447991001,4
151045814X,4
0077185536,4
1138071013,4
0521125200,4
1482226421,4
050051951X,4
1789096480,4
0415635845,4
1473964857,4
1405281944,4
1292219920,4
185946842X,4
0198828527,4
1999719808,4
1845337255,4
1526742810,4
1292118369,4
0826491685,4
1510468676,4
1471836134,4
1292090588,4
129212914X,4
1118629485,4
1447292871,4
1846907241,4
1138285161,4
0198753608,4
0414054644,4
1861560222,4
0198855036,4
1510469834,4
1859466729,4
1510402659,4
0198412916,4
036724473X,4
1789092566,4
113859282X,4
0955819989,4
1785654276,4
1473946247,4
1471858235,4
1510469982,4
0435075640,4
1859598544,4
0857113623,4
0198413157,4
1461432898,4
0007456336,4
1911015710,4
0702062308,4
0470519878,4
0521892228,4
0198833253,4
184919873X,4
0951745751,4
1408521121,4
019834094X,4
3961712891,4
0851932827,4
1907904131,4
095668890X,4
0198848641,4
1408269546,4
1510469885,4
1789661455,4
1292244313,4
1510449221,4
1316644685,4
0367224798,4
1898059519,4
0198854153,4
1526803003,4
1782423710,4
1857514777,4
1352001896,4
1405114592,4
0708727719,4
1844562670,4
1316644251,4
0198745494,4
0727762095,4
1118932072,4
1510452702,4
0198412940,4
0953970809,4
0670806889,4
0713993669,4
0414059379,4
1844257819,4
0435032054,4
113822278X,4
1408073382,4
1471858693,4
1510413499,4
1408057492,4
140807754X,4
0077160541,4
0198352778,4
1908407352,4
3642621163,4
0198351925,4
0435031333,4
1119941261,4
2920000128,4
0435047558,4
0077178238,4
0198804709,4
0435466992,4
0198356110,4
383658395X,4
0435027042,4
043503197X,4
0198447167,4
0435127594,4
0435075144,4
3487081695,4
0435031317,4
0721905188,4
0435401017,4
1292360712,4
0393689891,4
1911510401,4
1784460990,4
3192225769,4
0198848668,4
0435500074,4
1785619667,38
0414052544,23
1529351278,30
1510451951,26
0435032046,23
1472980158,15
0198870353,22
1862234361,29
1510473319,25
129214100X,23
1447972449,21
160022556X,14
0414050363,19
1907233377,5
1510473300,27
1292133953,21
050002328X,34
1789095883,34
1316644308,19
1903335833,18
1913226298,5
1292133627,22
191322659X,18
0857113844,25
0198849397,44
1912560291,21
1292184043,25
1787401936,21
1472980182,28
1849196265,46
178966313X,30
0500294240,28
0367331837,24
178474378X,28
1292166924,21
1912755971,19
1424556813,17
1787401960,22
1789086671,23
0194035913,9
1785614452,19
1527272869,32
0198494769,20
0198853564,48
1913226271,18
1472980190,23
1846548829,19
1999778391,30
1408359065,30
0953537862,35
0571238335,5
1846548837,19
1910715603,30
0993436471,5
1912273306,29
0955893070,24
000796627X,30
1905390602,24
1510482881,20
1912273950,34
0198332904,21
1789665035,23
1909455377,5
0198853173,18
1472980239,15
1787401944,21
1526777495,5
0754556832,30
0414054776,30
1526487934,26
0957057822,35
1119633184,20
1909594148,19
0414064542,23
1913226336,18
1510458158,21
1784513245,19
1905635826,24
0241146054,11
1509726284,23
0414075552,30
3961713251,5
1424556805,12
1911279203,24
1903494052,30
0007961081,5
0414070747,26
1787403556,23
2215154799,35
1912273047,32
1786791641,5
0414032950,23
1912112671,5
191227342X,30
0854902740,19
191322662X,27
1859468586,23
0414065662,24
1471835782,17
1787403955,22
041407159X,25
1716446309,22
0500411182,20
1789252660,22
1510483012,25
0008315884,53
1789665434,20
1859468144,16
0198765886,12
0521124336,11
1787403548,22
191341454X,5
0414052552,24
1471838943,6
0198831870,17
1526516322,14
0198493045,20
2019453398,30
0198844808,25
1789096359,31
0956264603,24
1526513838,24
0414078934,25
129224917X,30
0198793456,18
1912273276,37
1912165309,5
1471883280,20
1119453917,35
1912273225,30
2376712580,30
0857113577,18
1912273209,5
1916057543,30
1526747553,22
1906201552,24
1447935535,28
1138086851,28
0727762133,29
0335250211,19
1382000642,26
1911262351,41
1913226239,15
1509922245,30
1916431550,30
1916431526,19
284597843X,83
147227721X,5
3766712322,4